num_routes,pax_density,total_pass_rate,optimal_spt,optimal_ticks,sim_duration_min,spt_log,ticks_log
3,50,150,10,1846,307.6666666666667,"[{'spt': 10, 'ticks': 720, 'cv': np.float64(0.08948540663972625)}]","[{'ticks': 1850, 'cv': np.float64(0.03581455086396094)}, {'ticks': 974, 'cv': np.float64(0.10522312483191956)}, {'ticks': 1412, 'cv': np.float64(0.08827834966670865)}, {'ticks': 1631, 'cv': np.float64(0.0658947377608944)}, {'ticks': 1740, 'cv': np.float64(0.06065917583465775)}, {'ticks': 1795, 'cv': np.float64(0.07760033779532186)}, {'ticks': 1822, 'cv': np.float64(0.10928102799917666)}, {'ticks': 1836, 'cv': np.float64(0.05188100406963434)}, {'ticks': 1843, 'cv': np.float64(0.1051971406625365)}, {'ticks': 1846, 'cv': np.float64(0.037282710970820546)}, {'ticks': 1844, 'cv': np.float64(0.05273173586183976)}, {'ticks': 1845, 'cv': np.float64(0.05786333628508654)}]"
